Nom_valide,Nom_français,Règne,Classe,Ordre,Famille,CD_REF,CD_NOM
"Acacia dealbata Link, 1822","Mimosa argente, Mimosa des fleuristes, Mimosa de Bormes, Mimosa d'hiver, Acacia argente",Plantae (Plantes),Equisetopsida (Equisetopsides),Fabales (Fabales),Fabaceae (Fabacees),79691,79691
"Acacia mearnsii De Wild., 1925","Mimosa de Mearns, Mimosa argente, Mimosa vert, Acacia de Mearns",Plantae (Plantes),Equisetopsida (Equisetopsides),Fabales (Fabales),Fabaceae (Fabacees),79700,79700
"Acacia saligna (Labill.) H.L.Wendl., 1820","Mimosa a feuilles de Saule, Mimosa a feuilles bleues",Plantae (Plantes),Equisetopsida (Equisetopsides),Fabales (Fabales),Fabaceae (Fabacees),79710,79710
"Acer negundo L., 1753","Erable negundo, Erable frene, Erable a feuilles de frene, Erable Negondo",Plantae (Plantes),Equisetopsida (Equisetopsides),Sapindales (Sapindales),Sapindaceae (Sapindacees),79766,79766
"Acrothamnion preissii (Sonder) E.M.Wollaston, 1968",Acrochaetium de Preiss,Plantae (Plantes),Florideophyceae,Ceramiales,Ceramiaceae,369355,369355
"Ailanthus altissima (Mill.) Swingle, 1916","Ailante glanduleux, Faux vernis du Japon, Ailante, Ailanthe",Plantae (Plantes),Equisetopsida (Equisetopsides),Sapindales (Sapindales),Simaroubaceae (Simaroubacees),80824,80824
"Aleurocanthus spiniferus (Quaintance, 1903)",Aleurode du citronnier,Animalia (Animaux),Insecta (Insectes),"Hemiptera (Cigales, Cochenilles, Pucerons, Punaises)",Aleyrodidae,845923,845923
"Ambrosia artemisiifolia L., 1753","Ambroisie a feuilles d'armoise, Ambroise elevee, Ambroisie annuelle",Plantae (Plantes),Equisetopsida (Equisetopsides),Asterales (Asterales),Asteraceae (Asteracees),82080,82080
"Ameiurus melas (Rafinesque, 1820)",Poisson-chat,Animalia (Animaux),"Actinopterygii (Actinopterygiens, Poissons actinopterygiens)",Siluriformes (Poissons-chats),Ictaluridae,67571,67571
"Amorpha fruticosa L., 1753","Amorphe arbustive, Indigo du Bush, Amorphe buissonnante, Faux indigo",Plantae (Plantes),Equisetopsida (Equisetopsides),Fabales (Fabales),Fabaceae (Fabacees),82164,82164
"Amphibalanus improvisus (Darwin, 1854)","Balane imprevue (La), Balane bernache (La), Petite balane ivoire (La)",Animalia (Animaux),Hexanauplia,Sessilia,Balanidae,647695,647695
"Anguillicola crassus Kuwahara, Niimi & Itagaki, 1974",Parasite de l'anguille,Animalia (Animaux),Chromadorea,Rhabditida,Anguillicolidae,238725,238725
"Anoplophora glabripennis (Motschulsky, 1854)",Longicorne asiatique,Animalia (Animaux),Insecta (Insectes),Coleoptera (Coleopteres),Cerambycidae (Longicornes),530331,530331
"Aproceros leucopoda Takeuchi, 1939",Tenthrede zigzag de l?Orme,Animalia (Animaux),Insecta (Insectes),Hymenoptera (Hymenopteres),Argidae,897029,897029
"Arcuatula senhousia (Benson, 1842)",Moule asiatique,Animalia (Animaux),Bivalvia (Bivalves),Mytilida,Mytilidae,647654,647654
"Artemisia verlotiorum Lamotte, 1877","Armoise, Herbe chinois, Marie-Therese",Plantae (Plantes),Equisetopsida (Equisetopsides),Asterales (Asterales),Asteraceae (Asteracees),84057,84057
"Asparagopsis armata Harvey, 1855","Asparagopsis a crochets, Harpon de Neptune",Plantae (Plantes),Florideophyceae,Bonnemaisoniales,Bonnemaisoniaceae,72500,72500
"Austrominius modestus (Darwin, 1854)","Balane croix de Malte (La), Balane de Nouvelle-Zelande (La)",Animalia (Animaux),Hexanauplia,Sessilia,Austrobalanidae,622884,622884
"Azolla filiculoides Lam., 1783","Azolle fausse fougere, Azolla fausse fougere, Fougere d'eau, Azolle fausse filicule",Plantae (Plantes),Equisetopsida (Equisetopsides),Salviniales (Salviniales),Salviniaceae (Salviniacees),85469,85469
"Baccharis halimifolia L., 1753","Baccharis a feuilles d'Halimium, Baccharide a feuilles d'Halimium, Senecon en arbre",Plantae (Plantes),Equisetopsida (Equisetopsides),Asterales (Asterales),Asteraceae (Asteracees),85474,85474
"Bactrocera oleae (Rossi, 1790)","Mouche de l?olive, Mouche de l?olivier",Animalia (Animaux),Insecta (Insectes),"Diptera (Mouches, Moustiques, Cousins)",Tephritidae,653205,653205
"Ballerus sapa (Pallas, 1814)",Breme de Danube,Animalia (Animaux),"Actinopterygii (Actinopterygiens, Poissons actinopterygiens)",Cypriniformes,Leuciscidae,347940,347940
"Bidens frondosa L., 1753","Bident feuille, Bident a fruits noirs, Bident feuillu",Plantae (Plantes),Equisetopsida (Equisetopsides),Asterales (Asterales),Asteraceae (Asteracees),85957,85957
"Bonnemaisonia hamifera Har., 1891","Porte-crochets, Plume epineuse rouge",Plantae (Plantes),Florideophyceae,Bonnemaisoniales,Bonnemaisoniaceae,72534,72534
"Botrylloides diegensis Ritter & Forsyth, 1917","Botrylle dore, Botrylle de San Diego",Animalia (Animaux),Ascidiacea (Ascidies),Stolidobranchia,Styelidae,837382,837382
"Botrylloides violaceus Oka, 1927",Botrylle violet,Animalia (Animaux),Ascidiacea (Ascidies),Stolidobranchia,Styelidae,647505,647505
"Buddleja davidii Franch., 1887","Buddleia de David, Buddleia du pere David, Arbre-a-papillon, Arbre-aux-papillons",Plantae (Plantes),Equisetopsida (Equisetopsides),Lamiales (Lamiales),Scrophulariaceae (Scrophulariacees),86869,86869
"Bugula neritina (Linnaeus, 1758)",Bugule brune,Animalia (Animaux),Gymnolaemata,Cheilostomatida,Bugulidae,28726,28726
"Cabomba caroliniana A.Gray, 1848",Cabomba de Caroline,Plantae (Plantes),Equisetopsida (Equisetopsides),Nymphaeales (Nympheales),Cabombaceae (Cabombacees),610664,610664
"Cacyreus marshalli Butler, 1898","Brun du pelargonium (Le), Argus des Pelargoniums (L')",Animalia (Animaux),Insecta (Insectes),Lepidoptera (Papillons),Lycaenidae (Lycenes),219796,219796
"Callosciurus erythraeus (Pallas, 1779)",Ecureuil a ventre rouge,Animalia (Animaux),Mammalia (Mammiferes),Rodentia (Rongeurs),"Sciuridae (Ecureuils, Marmottes)",61174,61174
Carpobrotus acinaciformis x Carpobrotus edulis,Hybride entre  le Carpobrote a feuilles en sabre et le Carpobrote doux,Plantae (Plantes),Equisetopsida (Equisetopsides),Caryophyllales (Caryophyllales),Aizoaceae (Aizoacees),610840,610840
"Caulacanthus ustulatus (Mertens ex Turner) Kutz., 1843",Caulacanthe brulee,Plantae (Plantes),Florideophyceae,Gigartinales,Caulacanthaceae,72562,72562
"Caulerpa taxifolia (M.Vahl) C.Agardh, 1817","Caulerpe taxifoliee, Caulerpe a feuilles d'If",Plantae (Plantes),Ulvophyceae,Bryopsidales,Caulerpaceae,368610,368610
"Celtodoryx ciocalyptoides (Burton, 1935)",Eponge chinoise,Animalia (Animaux),Demospongiae (Demosponges),Poecilosclerida,Coelosphaeridae,543362,543362
"Ceratitis capitata (Wiedemann, 1824)","Mouche mediterraneenne des fruits, Mouche mediterraneenne, Mouche des fruits, Mouche de l'oranger",Animalia (Animaux),Insecta (Insectes),"Diptera (Mouches, Moustiques, Cousins)",Tephritidae,24102,24102
"Ceratochloa cathartica (Vahl) Herter, 1940","Brome cathartique, Ceratochloa cathartique, Brome faux uniola, Brome purgatif",Plantae (Plantes),Equisetopsida (Equisetopsides),Poales (Poales),Poaceae (Poacees),90192,90192
"Ciona intestinalis (Linnaeus, 1767)","Ascidie jaune, Cione, Cione instestinale",Animalia (Animaux),Ascidiacea (Ascidies),Phlebobranchia,Cionidae,6912,6912
"Codium fragile (Suringar) Har., 1889","Codium fragile, Algue chou-fleur, Codium orvet",Plantae (Plantes),Ulvophyceae,Bryopsidales,Codiaceae,72608,72608
"Corbicula fluminalis (O.F. Muller, 1774)",Corbicule striolee,Animalia (Animaux),Bivalvia (Bivalves),Venerida,Cyrenidae,64641,64641
"Corbicula fluminea (O.F. Muller, 1774)",Corbicule asiatique,Animalia (Animaux),Bivalvia (Bivalves),Venerida,Cyrenidae,163433,163433
"Corbicula leana Prime, 1864",Corbicule japonaise,Animalia (Animaux),Bivalvia (Bivalves),Venerida,Cyrenidae,885309,885309
"Corella eumyota Traustedt, 1882",Ascidie cartilagineuse,Animalia (Animaux),Ascidiacea (Ascidies),Phlebobranchia,Corellidae,647530,647530
"Cortaderia selloana (Schult. & Schult.f.) Asch. & Graebn., 1900","Herbe de la pampa, Herbe des pampas",Plantae (Plantes),Equisetopsida (Equisetopsides),Poales (Poales),Poaceae (Poacees),92572,92572
"Corythucha arcuata (Say, 1832)",Punaise reticulee du chene (La),Animalia (Animaux),Insecta (Insectes),"Hemiptera (Cigales, Cochenilles, Pucerons, Punaises)",Tingidae,932824,932824
"Corythucha ciliata (Say, 1832)",Tigre du platane,Animalia (Animaux),Insecta (Insectes),"Hemiptera (Cigales, Cochenilles, Pucerons, Punaises)",Tingidae,237413,237413
"Crepidula fornicata (Linnaeus, 1758)","Crepidule americaine, Pantoufle des mers",Animalia (Animaux),Gastropoda (Gasteropodes),Littorinimorpha,Calyptraeidae,62462,62462
"Cryphonectria parasitica (Murrill) M.E.Barr, 1978","Agent du chancre du chataignier, Agent du chancre de l'ecorce, Agent de la brulure du chataignier",Fungi (Champignons),Sordariomycetes,Diaporthales,Cryphonectriaceae,532884,532884
"Ctenarytaina eucalypti (Maskell, 1890)",Psylle de l'eucalyptus,Animalia (Animaux),Insecta (Insectes),"Hemiptera (Cigales, Cochenilles, Pucerons, Punaises)",Psyllidae,220385,220385
"Cydalima perspectalis (Walker, 1859)",Pyrale du buis,Animalia (Animaux),Insecta (Insectes),Lepidoptera (Papillons),Crambidae,645061,645061
"Cyprinus carpio Linnaeus, 1758","Carpe commune, Carpat, Carpeau, Escarpo, Kerpaille",Animalia (Animaux),"Actinopterygii (Actinopterygiens, Poissons actinopterygiens)",Cypriniformes,Cyprinidae (Carpes),67058,67058
"Dasysiphonia japonica (Yendo) H.-S.Kim, 2012",Heterosiphonie du Japon,Plantae (Plantes),Florideophyceae,Ceramiales,Dasyaceae,813752,813752
"Deroceras invadens Reise, Hutchinson, Schunack & Schlitt, 2011",Loche vagabonde,Animalia (Animaux),Gastropoda (Gasteropodes),Stylommatophora,Agriolimacidae,782405,782405
"Diabrotica virgifera virgifera LeConte, 1868",Chrysomele des racines du mais,Animalia (Animaux),Insecta (Insectes),Coleoptera (Coleopteres),Chrysomelidae (Chrysomeles),322540,322540
"Diabrotica virgifera LeConte, 1868",Chrysomele des racines du mais,Animalia (Animaux),Insecta (Insectes),Coleoptera (Coleopteres),Chrysomelidae (Chrysomeles),322539,322539
"Didemnum vexillum Kott, 2002","Tunicier didemnum, Didemne etendard",Animalia (Animaux),Ascidiacea (Ascidies),Aplousobranchia,Didemnidae,790708,790708
"Diplopseustis perieresalis (Walker, 1859)",Hydrocampe de Perieres,Animalia (Animaux),Insecta (Insectes),Lepidoptera (Papillons),Crambidae,779482,779482
"Dreissena polymorpha polymorpha (Pallas, 1771)",Moule zebree,Animalia (Animaux),Bivalvia (Bivalves),Myida,Dreissenidae,163458,163458
"Dreissena polymorpha (Pallas, 1771)",Moule zebree,Animalia (Animaux),Bivalvia (Bivalves),Myida,Dreissenidae,64629,64629
"Drosophila suzukii (Matsumura, 1931)","Drosophile a ailes tachetees, Drosophile du cerisier, Moucheron asiatique, Drosophile asiatique, Drosophile japonaise",Animalia (Animaux),Insecta (Insectes),"Diptera (Mouches, Moustiques, Cousins)",Drosophilidae (Drosophiles),701921,701921
"Egeria densa Planch., 1849","Egerie dense, Elodee dense",Plantae (Plantes),Equisetopsida (Equisetopsides),Alismatales (Alismatales),Hydrocharitaceae (Hydrocharitacees),95823,95823
"Eleocharis obtusa (Willd.) Schult., 1824","Eleocharide obtuse, Eleocharis obtus",Plantae (Plantes),Equisetopsida (Equisetopsides),Poales (Poales),Cyperaceae (Cyperacees),788821,788821
"Elodea callitrichoides (Rich.) Casp., 1857","Elodee faux callitriche, Elodee a feuilles allongees",Plantae (Plantes),Equisetopsida (Equisetopsides),Alismatales (Alismatales),Hydrocharitaceae (Hydrocharitacees),95979,95979
"Elodea canadensis Michx., 1803",Elodee du Canada,Plantae (Plantes),Equisetopsida (Equisetopsides),Alismatales (Alismatales),Hydrocharitaceae (Hydrocharitacees),95980,95980
"Elodea nuttallii (Planch.) H.St.John, 1920","Elodee de Nuttall, Elodee a feuilles etroites",Plantae (Plantes),Equisetopsida (Equisetopsides),Alismatales (Alismatales),Hydrocharitaceae (Hydrocharitacees),95983,95983
"Ensis leei M. Huber, 2015","Couteau americain, Couteau etroit",Animalia (Animaux),Bivalvia (Bivalves),Adapedonta,Pharidae,885584,885584
"Etiella zinckenella (Treitschke, 1832)",Pyrale du haricot vert,Animalia (Animaux),Insecta (Insectes),Lepidoptera (Papillons),Pyralidae,248015,248015
"Faxonius limosus (Rafinesque, 1817)",Ecrevisse americaine (L'),Animalia (Animaux),Malacostraca (Malacostraces),Decapoda (Decapodes),Cambaridae,853999,853999
"Ficopomatus enigmaticus (Fauvel, 1923)",Mercierelle,Animalia (Animaux),"Polychaeta (Vers anneles marins, Polychetes)",Sabellida,Serpulidae,366400,366400
"Fistularia commersonii Ruppell, 1838",Trompette,Animalia (Animaux),"Actinopterygii (Actinopterygiens, Poissons actinopterygiens)",Syngnathiformes (Hippocampes),Fistulariidae,424218,424218
"Grateloupia turuturu Yamada, 1941",Grateloupe du Pacifique,Plantae (Plantes),Florideophyceae,Halymeniales,Halymeniaceae,627497,627497
"Hakea decurrens R.Br., 1830",Hakea decurrent,Plantae (Plantes),Equisetopsida (Equisetopsides),Proteales (Proteales),Proteaceae (Proteacees),1002319,1002319
"Halophila stipulacea (Forssk.) Asch., 1867",Halophile stipulee,Plantae (Plantes),Equisetopsida (Equisetopsides),Alismatales (Alismatales),Hydrocharitaceae (Hydrocharitacees),368620,368620
"Halyomorpha halys (St?l, 1855)",Punaise diabolique,Animalia (Animaux),Insecta (Insectes),"Hemiptera (Cigales, Cochenilles, Pucerons, Punaises)",Pentatomidae,720069,720069
"Harmonia axyridis (Pallas, 1773)","Coccinelle asiatique (la), Coccinelle arlequin (La)",Animalia (Animaux),Insecta (Insectes),Coleoptera (Coleopteres),Coccinellidae (Coccinelles),459325,459325
"Helianthus tuberosus L., 1753","Helianthe tubereux, Topinambour, Patate de Virginie",Plantae (Plantes),Equisetopsida (Equisetopsides),Asterales (Asterales),Asteraceae (Asteracees),101055,101055
"Hemigrapsus sanguineus (De Haan, 1835)","Crabe sanguin (Le), Crabe japonais (Le)",Animalia (Animaux),Malacostraca (Malacostraces),Decapoda (Decapodes),Varunidae,593842,593842
"Hemigrapsus takanoi Asakura & Watanabe, 2005",Crabe a pinceaux (Le),Animalia (Animaux),Malacostraca (Malacostraces),Decapoda (Decapodes),Varunidae,593844,593844
"Heracleum mantegazzianum Sommier & Levier, 1895","Berce du Caucase, Berce de Mantegazzi",Plantae (Plantes),Equisetopsida (Equisetopsides),Apiales (Apiales),Apiaceae (Apiacees),101286,101286
"Hydrocotyle ranunculoides L.f., 1782","Hydrocotyle fausse renoncule, Hydrocotyle a feuilles de Renoncule",Plantae (Plantes),Equisetopsida (Equisetopsides),Apiales (Apiales),Araliaceae (Araliacees),103139,103139
"Hymenoscyphus fraxineus (T.Kowalski) Baral, Queloz & Hosoya, 2014",Agent de la chalarose du frene,Fungi (Champignons),Leotiomycetes,Helotiales,Helotiaceae,893794,893794
"Hyphantria cunea (Drury, 1773)",Ecaille fileuse (L'),Animalia (Animaux),Insecta (Insectes),Lepidoptera (Papillons),Erebidae,249066,249066
"Impatiens glandulifera Royle, 1833","Impatiente glanduleuse, Balsamine de l'Himalaya, Balsamine geante, Balsamine rouge",Plantae (Plantes),Equisetopsida (Equisetopsides),Ericales (Ericales),Balsaminaceae (Balsaminacees),103547,103547
"Lagarosiphon major (Ridl.) Moss, 1928",Lagarosiphon majeur,Plantae (Plantes),Equisetopsida (Equisetopsides),Alismatales (Alismatales),Hydrocharitaceae (Hydrocharitacees),104805,104805
"Lemna minuta Kunth, 1816","Lentille d'eau menue, Lenticule minuscule, Lentille d'eau minuscule",Plantae (Plantes),Equisetopsida (Equisetopsides),Alismatales (Alismatales),Araceae (Aracees),105433,105433
"Lemna turionifera Landolt, 1975","Lentille d'eau turionifere, Lenticule turionifere, Lenticule a turion",Plantae (Plantes),Equisetopsida (Equisetopsides),Alismatales (Alismatales),Araceae (Aracees),105442,105442
"Lepomis gibbosus (Linnaeus, 1758)","Perche-soleil, Boer, Calicoba, Perche arc-en-ciel, Perche argentee, Perche doree, Poisson tricolore, Poisson-soleil, Crapet-soleil",Animalia (Animaux),"Actinopterygii (Actinopterygiens, Poissons actinopterygiens)","Perciformes (Carangues, Daurades, Merous, Mulets, Perches)",Centrarchidae,69338,69338
"Limnoria lignorum (Rathke, 1799)","Limnorie du bois (La), Limnorie perforante (La)",Animalia (Animaux),Malacostraca (Malacostraces),Isopoda (Isopodes),Limnoriidae,374346,374346
"Linepithema humile (Mayr, 1868)",Fourmi d'Argentine,Animalia (Animaux),Insecta (Insectes),Hymenoptera (Hymenopteres),Formicidae (Fourmis),219464,219464
"Lonicera japonica Thunb., 1784","Chevrefeuille du Japon, Clematite du Japon",Plantae (Plantes),Equisetopsida (Equisetopsides),Dipsacales (Dipsacales),Caprifoliaceae (Caprifoliacees),106571,106571
"Ludwigia grandiflora subsp. hexapetala (Hook. & Arn.) G.L.Nesom & Kartesz, 2000",Ludwigie a six petales,Plantae (Plantes),Equisetopsida (Equisetopsides),Myrtales (Myrtales),Onagraceae (Onagracees),612513,612513
"Ludwigia grandiflora (Michx.) Greuter & Burdet, 1987","Ludwigie a grandes fleurs, Jussie a grandes fleurs, Jussie de l'Uruguay",Plantae (Plantes),Equisetopsida (Equisetopsides),Myrtales (Myrtales),Onagraceae (Onagracees),106742,106742
"Ludwigia peploides subsp. montevidensis (Spreng.) P.H.Raven, 1964","Ludwigie de Montevideo, Jussie de Montevideo",Plantae (Plantes),Equisetopsida (Equisetopsides),Myrtales (Myrtales),Onagraceae (Onagracees),612514,612514
"Ludwigia peploides (Kunth) P.H.Raven, 1964","Ludwigie faux peplis, Jussie faux peplis, Jussie rampante, Jussie",Plantae (Plantes),Equisetopsida (Equisetopsides),Myrtales (Myrtales),Onagraceae (Onagracees),106748,106748
"Lysichiton americanus Hulten & H.St.John, 1931","Lysichiton d'Amerique, Faux arum",Plantae (Plantes),Equisetopsida (Equisetopsides),Alismatales (Alismatales),Araceae (Aracees),610602,610602
"Magallana gigas (Thunberg, 1793)","Huitre creuse, Huitre japonaise, Huitre du Pacifique, Huitre portugaise",Animalia (Animaux),Bivalvia (Bivalves),Ostreida,Ostreidae,853681,853681
"Matsucoccus feytaudi Ducasse, 1941",Cochenille du pin maritime,Animalia (Animaux),Insecta (Insectes),"Hemiptera (Cigales, Cochenilles, Pucerons, Punaises)",Margarodidae,221738,221738
"Mnemiopsis leidyi A. Agassiz, 1865",Ctenophore americain,Animalia (Animaux),Tentaculata,Lobata,Bolinopsidae,379588,379588
"Myocastor coypus (Molina, 1782)",Ragondin,Animalia (Animaux),Mammalia (Mammiferes),Rodentia (Rongeurs),Echimyidae,61667,61667
"Myriophyllum aquaticum (Vell.) Verdc., 1973",Myriophylle du Bresil,Plantae (Plantes),Equisetopsida (Equisetopsides),Saxifragales (Saxifragales),Haloragaceae (Haloragacees),109141,109141
"Mytilicola intestinalis Steuer, 1902","Copepode rouge, Cop rouge",Animalia (Animaux),Copepoda (Copepodes),Cyclopoida,Mytilicolidae,375954,375954
"Mytilicola orientalis Mori, 1935",Mytilocole oriental (Le),Animalia (Animaux),Copepoda (Copepodes),Cyclopoida,Mytilicolidae,375955,375955
"Mytilopsis leucophaeata (Conrad, 1831)","Moule d'Amerique, Fausse moule brune",Animalia (Animaux),Bivalvia (Bivalves),Myida,Dreissenidae,163459,163459
"Neogobius fluviatilis (Pallas, 1814)",Gobie fluviatile,Animalia (Animaux),"Actinopterygii (Actinopterygiens, Poissons actinopterygiens)",Gobiiformes,Gobiidae,70166,70166
"Neogobius melanostomus (Pallas, 1814)",Gobie a tache noire,Animalia (Animaux),"Actinopterygii (Actinopterygiens, Poissons actinopterygiens)",Gobiiformes,Gobiidae,70155,70155
"Ocinebrellus inornatus (Recluz, 1851)",Bigorneau perceur japonais,Animalia (Animaux),Gastropoda (Gasteropodes),Neogastropoda,Muricidae,647081,647081
"Oxyura jamaicensis (Gmelin, 1789)",Erismature rousse,Animalia (Animaux),Aves (Oiseaux),"Anseriformes (Canards, Oies, Cygnes)",Anatidae,2823,2823
"Pacifastacus leniusculus (Dana, 1852)","Ecrevisse de Californie (L'), Ecrevisse signal (L'), Ecrevisse du Pacifique (L')",Animalia (Animaux),Malacostraca (Malacostraces),Decapoda (Decapodes),Astacidae,162667,162667
"Palaemon macrodactylus Rathbun, 1902","Bouquet migrateur (Le), Crevette a grandes pinces, Crevette orientale",Animalia (Animaux),Malacostraca (Malacostraces),Decapoda (Decapodes),Palaemonidae,534242,534242
"Paspalum dilatatum Poir., 1804",Paspale dilate,Plantae (Plantes),Equisetopsida (Equisetopsides),Poales (Poales),Poaceae (Poacees),112482,112482
"Paspalum distichum L., 1759","Paspale distique, Paspale a deux epis",Plantae (Plantes),Equisetopsida (Equisetopsides),Poales (Poales),Poaceae (Poacees),112483,112483
"Pelophylax saharicus (Boulenger in Hartert, 1913)",Grenouille saharienne (La),Animalia (Animaux),"Amphibia (Amphibiens, batraciens)",Anura (Anoures),Ranidae (Ranides),995112,995112
"Percnon gibbesi (H. Milne Edwards, 1853)","Crabe plat des oursins, Sally-pied-leger",Animalia (Animaux),Malacostraca (Malacostraces),Decapoda (Decapodes),Percnidae,350426,350426
"Pontederia crassipes Mart., 1823","Jacinthe d'eau, Eichhornie a pied epais, Pontederie a pied epais",Plantae (Plantes),Equisetopsida (Equisetopsides),Commelinales (Commelinales),Pontederiaceae (Pontederiacees),454932,454932
"Ponticola kessleri (Gunther, 1861)",Gobie de Kessler,Animalia (Animaux),"Actinopterygii (Actinopterygiens, Poissons actinopterygiens)",Gobiiformes,Gobiidae,70175,70175
"Potamopyrgus antipodarum (J.E. Gray, 1843)",Hydrobie des antipodes,Animalia (Animaux),Gastropoda (Gasteropodes),Littorinimorpha,Tateidae,62131,62131
"Procambarus clarkii (Girard, 1852)","Ecrevisse de Louisiane (L'), Ecrevisse rouge de Louisiane (L'), Ecrevisse rouge des marais (L')",Animalia (Animaux),Malacostraca (Malacostraces),Decapoda (Decapodes),Cambaridae,162668,162668
"Procyon lotor (Linnaeus, 1758)",Raton laveur,Animalia (Animaux),Mammalia (Mammiferes),Carnivora,Procyonidae (Ratons laveurs),60822,60822
"Proterorhinus semilunaris (Heckel, 1837)","Gobie demi-lune, Gobie a nez tubulaire",Animalia (Animaux),"Actinopterygii (Actinopterygiens, Poissons actinopterygiens)",Gobiiformes,Gobiidae,521597,521597
"Pseudorasbora parva (Temminck & Schlegel, 1846)","Pseudorasbora, Goujon asiatique",Animalia (Animaux),"Actinopterygii (Actinopterygiens, Poissons actinopterygiens)",Cypriniformes,Gobionidae,67415,67415
"Reynoutria japonica Houtt., 1777 var. japonica",Renouee du Japon,Plantae (Plantes),Equisetopsida (Equisetopsides),Caryophyllales (Caryophyllales),Polygonaceae (Polygonacees),150567,150567
"Reynoutria japonica Houtt., 1777","Renouee du Japon, Reynoutrie du Japon",Plantae (Plantes),Equisetopsida (Equisetopsides),Caryophyllales (Caryophyllales),Polygonaceae (Polygonacees),117503,117503
"Rhithropanopeus harrisii (Gould, 1841)","Crabe de boue (Le), Xanthe, Crabe du Zuiderzee (Le), Crabe de vase (Le)",Animalia (Animaux),Malacostraca (Malacostraces),Decapoda (Decapodes),Panopeidae,17658,17658
"Rhododendron ponticum L., 1762 [nom. et typ. cons. prop.]","Rhododendron du Pont, Rhododendron des parcs, Rhododendron pontique, Rhododendron de la mer Noire, Rhododendron de Betique",Plantae (Plantes),Equisetopsida (Equisetopsides),Ericales (Ericales),Ericaceae (Ericacees),117692,117692
"Robinia pseudoacacia L., 1753","Robinier faux-acacia, Acacia blanc, Robinier, Robinier faux acacia",Plantae (Plantes),Equisetopsida (Equisetopsides),Fabales (Fabales),Fabaceae (Fabacees),117860,117860
"Ruditapes philippinarum (Adams & Reeve, 1850)","Palourde japonaise, Palourde croisee japonaise",Animalia (Animaux),Bivalvia (Bivalves),Venerida,Veneridae,444457,444457
"Sander lucioperca (Linnaeus, 1758)","Sandre, Perche-brochet",Animalia (Animaux),"Actinopterygii (Actinopterygiens, Poissons actinopterygiens)","Perciformes (Carangues, Daurades, Merous, Mulets, Perches)",Percidae,69372,69372
"Sargassum muticum (Yendo) Fensholt, 1955",Sargasse Japonaise,"Chromista (Chromistes, Lignee brune)","Phaeophyceae (Algues brunes, Pheophycees)",Fucales,Sargassaceae,73307,73307
"Schizoporella unicornis (Johnston in Wood, 1844)",Schizoporelle unicorne,Animalia (Animaux),Gymnolaemata,Cheilostomatida,Schizoporellidae,28806,28806
"Senecio inaequidens DC., 1838","Senecon du Cap, Senecon a dents inegales, Senecon sud-africain, Senecon a feuilles etroites, Senecon d'Harvey",Plantae (Plantes),Equisetopsida (Equisetopsides),Asterales (Asterales),Asteraceae (Asteracees),122630,122630
"Solidago canadensis L., 1753",Tete d'or,Plantae (Plantes),Equisetopsida (Equisetopsides),Asterales (Asterales),Asteraceae (Asteracees),124164,124164
"Solidago gigantea Aiton, 1789",Tete d'or,Plantae (Plantes),Equisetopsida (Equisetopsides),Asterales (Asterales),Asteraceae (Asteracees),124168,124168
"Spiraea x billiardii Herincq, 1857",Spiree de Billiard,Plantae (Plantes),Equisetopsida (Equisetopsides),Rosales (Rosales),Rosaceae (Rosacees),124682,124682
"Sporobolus alterniflorus (Loisel.) P.M.Peterson & Saarela, 2014","Spartine a feuilles alternes, Sporobole a feuilles alternes",Plantae (Plantes),Equisetopsida (Equisetopsides),Poales (Poales),Poaceae (Poacees),1015861,1015861
"Sporobolus indicus (L.) R.Br., 1810","Sporobole des Indes, Sporobole fertile, Sporobole tenace",Plantae (Plantes),Equisetopsida (Equisetopsides),Poales (Poales),Poaceae (Poacees),124719,124719
"Stephanitis lauri Rietschel, 2014",Tigre du laurier (Le),Animalia (Animaux),Insecta (Insectes),"Hemiptera (Cigales, Cochenilles, Pucerons, Punaises)",Tingidae,932826,932826
"Symphyotrichum lanceolatum (Willd.) G.L.Nesom, 1995","Symphyotriche lanceole, Aster lanceole",Plantae (Plantes),Equisetopsida (Equisetopsides),Asterales (Asterales),Asteraceae (Asteracees),125330,125330
"Tamias sibiricus (Laxmann, 1769)","Tamia de Siberie, Ecureuil de Coree, Rat de Coree, Ecureuil japonais",Animalia (Animaux),Mammalia (Mammiferes),Rodentia (Rongeurs),"Sciuridae (Ecureuils, Marmottes)",61204,61204
"Threskiornis aethiopicus (Latham, 1790)",Ibis sacre,Animalia (Animaux),Aves (Oiseaux),Pelecaniformes,"Threskiornithidae (Ibis, Spatules)",2687,2687
"Trachemys scripta (Schoepff, 1792)","Trachemyde ecrite, Tortue de Floride",Animalia (Animaux), -,Chelonii (Tortues),Emydidae (Emydides),77424,77424
"Tricellaria inopinata d'Hondt & Occhipinti Ambrogi, 1985",Bryozoaire inopine,Animalia (Animaux),Gymnolaemata,Cheilostomatida,Candidae,378264,378264
"Tritia neritea (Linnaeus, 1758)","Nasse neritoide, Cyclonasse, Cyclope neritoide",Animalia (Animaux),Gastropoda (Gasteropodes),Neogastropoda,Nassariidae,825649,825649
"Undaria pinnatifida (Harvey) Suringar, 1873",Wakame,"Chromista (Chromistes, Lignee brune)","Phaeophyceae (Algues brunes, Pheophycees)",Laminariales,Alariaceae,73388,73388
"Vespa velutina nigrithorax du Buysson, 1905","Frelon a pattes jaunes, Frelon asiatique",Animalia (Animaux),Insecta (Insectes),Hymenoptera (Hymenopteres),Vespidae,433590,433590
"Vespa velutina Lepeletier, 1836","Frelon a pattes jaunes, Frelon asiatique, Vespa veloutee",Animalia (Animaux),Insecta (Insectes),Hymenoptera (Hymenopteres),Vespidae,433589,433589
"Wasmannia auropunctata (Roger, 1863)","Petite fourmi de feu, Fourmi rouge",Animalia (Animaux),Insecta (Insectes),Hymenoptera (Hymenopteres),Formicidae (Fourmis),532927,532927
"Womersleyella setacea (Hollenb.) R.E. Norris, 1992",Vomersleyelle setacee,Plantae (Plantes),Florideophyceae,Ceramiales,Rhodomelaceae,370833,370833
"Xenopus laevis laevis (Daudin, 1803)",Xenope lisse (Le),Animalia (Animaux),"Amphibia (Amphibiens, batraciens)",Anura (Anoures),Pipidae (Pipides),699626,699626
"Xenopus laevis (Daudin, 1803)",Xenope lisse (Le),Animalia (Animaux),"Amphibia (Amphibiens, batraciens)",Anura (Anoures),Pipidae (Pipides),79265,79265
"Xenostrobus securis (Lamarck, 1819)","Moule pygmee, Moule d'Australie",Animalia (Animaux),Bivalvia (Bivalves),Mytilida,Mytilidae,369759,369759
"Xeropicta derbentina (Krynicki, 1836)",Helicelle des Balkans,Animalia (Animaux),Gastropoda (Gasteropodes),Stylommatophora,Geomitridae,163293,163293
"Xylotrechus chinensis (Chevrolat, 1852)",Longicorne tigre (le),Animalia (Animaux),Insecta (Insectes),Coleoptera (Coleopteres),Cerambycidae (Longicornes),911079,911079